name,brand,year,shape,weight,balance,core,face,price,currency,price_checked,power,control,handling,forgiveness,comfort,value,inputs_published,product_url,index_url
"Adidas Arrow Hit 2026","Adidas","2026","diamond","360 to 375 g","High","Soft, EVA Soft Performance","","400","EUR","2026-09-28","83","10","28","46","57","13","4","https://allforpadel.com/en/padel-rackets/7523-padel-racket-adidas-arrow-hit-8435739405888.html","https://padeltrue.com/rackets/adidas-arrow-hit-2026"
"Adidas Arrow Hit Carbon 2026","Adidas","2026","diamond","360 to 375 g","High","Soft, EVA Soft Performance","ASC carbon fibre","270","EUR","2026-09-28","83","10","28","38","47","18","5","https://allforpadel.com/en/padel-rackets/7531-padel-racket-adidas-arrow-hit-carbon-8435739405901.html","https://padeltrue.com/rackets/adidas-arrow-hit-carbon-2026"
"Adidas Cross IT Ctrl 2026","Adidas","2026","round","360 to 375 g","Medium","Hard, EVA High Memory","Carbon Aluminized 15K","350","EUR","2026-09-28","33","74","48","46","23","13","5","https://allforpadel.com/en/padel-rackets/7527-padel-racket-adidas-cross-it-ctrl-2026-8435739405949.html","https://padeltrue.com/rackets/adidas-cross-it-ctrl-2026"
"Adidas Cross IT Light 2026","Adidas","2026","round","345 to 360 g","Medium","Medium, EVA Soft Energy","Carbon Aluminized 24K","300","EUR","2026-09-28","28","74","60","60","43","17","5","https://allforpadel.com/en/padel-rackets/7528-padel-racket-adidas-cross-it-light-2026-martita-ortega-8435739405956.html","https://padeltrue.com/rackets/adidas-cross-it-light-2026"
"Adidas Drive Black 2026","Adidas","2026","round","360 to 375 g","Medium","Soft, EVA Soft Performance","Fiberglass","80","EUR","2026-09-28","33","74","48","90","75","79","5","https://allforpadel.com/en/padel-rackets/7491-padel-racket-adidas-drive-black-2026-8435739406038.html","https://padeltrue.com/rackets/adidas-drive-black-2026"
"Adidas Match Black 2026","Adidas","2026","","360 to 375 g","","Soft, EVA Soft Performance","Fiberglass","75","EUR","2026-09-28","51","50","48","72","75","75","3","https://allforpadel.com/en/padel-rackets/7493-padel-racket-adidas-match-black-2026-8435739406052.html","https://padeltrue.com/rackets/adidas-match-black-2026"
"Adidas Metalbone 2026","Adidas","2026","diamond","345 to 360 g","High","Soft, EVA Soft Performance","Carbon Aluminized 16K","390","EUR","2026-09-28","78","10","40","38","51","13","5","https://allforpadel.com/en/padel-rackets/7521-padel-racket-adidas-metalbone-2026-ale-galan-8435739405802.html","https://padeltrue.com/rackets/adidas-metalbone-2026"
"Adidas Metalbone Carbon Ctrl 2026","Adidas","2026","round","360 to 375 g","Medium","Soft, EVA Soft Performance","Carbon 6K","260","EUR","2026-09-28","33","74","48","74","55","22","5","https://allforpadel.com/en/padel-rackets/7534-padel-racket-adidas-metalbone-carbon-ctrl-2026-8435739405840.html","https://padeltrue.com/rackets/adidas-metalbone-carbon-ctrl-2026"
"Adidas Metalbone Ctrl 2026","Adidas","2026","round","345 to 360 g","Medium","Soft, EVA Soft Performance","Carbon Aluminized 16K","390","EUR","2026-09-28","28","74","60","74","59","14","5","https://allforpadel.com/en/padel-rackets/7525-padel-racket-adidas-metalbone-ctrl-2026-8435739405819.html","https://padeltrue.com/rackets/adidas-metalbone-ctrl-2026"
"Adidas Metalbone HRD+ 2026","Adidas","2026","diamond","345 to 360 g","High","Hard, EVA High Memory","Carbon Aluminized 16K","390","EUR","2026-09-28","78","10","40","10","19","12","5","https://allforpadel.com/en/padel-rackets/7522-padel-racket-adidas-metalbone-hrd-2026-ale-galan-8435739405826.html","https://padeltrue.com/rackets/adidas-metalbone-hrd-plus-2026"
"Adidas Metalbone Pro EDT 2026","Adidas","2026","diamond","345 to 360 g","High","Soft, EVA Soft Performance","carbon aluminized 16K","425","EUR","2026-09-28","78","10","40","38","51","12","5","https://allforpadel.com/en/padel-rackets/7613-adidas-metalbone-pro-edt-2026-racket-ale-galan-8435739409497.html","https://padeltrue.com/rackets/adidas-metalbone-pro-edt-2026"
"Adidas Metalbone Reserve 2026","Adidas","2026","diamond","360 to 375 g","High","Soft, EVA Soft Performance","carbon aluminized 16K","325","EUR","2026-09-28","83","10","28","38","47","15","5","https://allforpadel.com/en/padel-rackets/7540-adidas-metalbone-reserve-2026-racket-8435739409459.html","https://padeltrue.com/rackets/adidas-metalbone-reserve-2026"
"Adidas Metalbone Team 2026","Adidas","2026","diamond","360 to 375 g","High","Soft, EVA Soft Performance","Fiberglass","200","EUR","2026-09-28","83","10","28","54","67","29","5","https://allforpadel.com/en/padel-rackets/7530-padel-racket-adidas-metalbone-team-2026-8435739405857.html","https://padeltrue.com/rackets/adidas-metalbone-team-2026"
"Adidas RX Series 2026","Adidas","2026","round","360 to 375 g","Medium","Soft, EVA Soft Performance","fibreglass","120","EUR","2026-09-28","33","74","48","90","75","53","5","https://allforpadel.com/en/padel-rackets/7485-padel-racket-adidas-rx-series-2026-8435739406007.html","https://padeltrue.com/rackets/adidas-rx-series-2026"
"Babolat Air Veron 2.6","Babolat","","","345 to 365 g","Medium","Black EVA","Carbon Flex (carbon and fibreglass weave)","240","EUR","2026-09-28","47","50","58","50","52","18","3","https://www.babolat.com/es/air-veron-2.6/150180.html","https://padeltrue.com/rackets/babolat-air-veron-2-6"
"Babolat Air Vertuo 2.6","Babolat","","teardrop","335 to 355 g","265 mm","Black EVA","fiberglass","180","EUR","2026-09-28","44","50","66","58","65","28","3","https://www.babolat.com/us/air-vertuo-2.6/150184.html","https://padeltrue.com/rackets/babolat-air-vertuo-2-6"
"Babolat Air Viper 2.6","Babolat","","teardrop","345 to 365 g","265 mm","X-EVA","16K Carbon","320","EUR","2026-09-28","47","50","58","42","42","13","3","https://www.babolat.com/us/air-viper-2.6/150176.html","https://padeltrue.com/rackets/babolat-air-viper-2-6"
"Babolat Counter Veron 2.6","Babolat","","round","355 to 375 g","","Black EVA","Carbon Flex (carbon and fibreglass weave)","240","EUR","2026-09-28","32","74","50","68","50","23","3","https://www.babolat.com/es/counter-veron-2.6/150181.html","https://padeltrue.com/rackets/babolat-counter-veron-2-6"
"Babolat Counter Viper 2.6","Babolat","","round","355 to 375 g","High, 270 mm","X-EVA","3K Carbon","320","EUR","2026-09-28","46","58","30","60","32","14","4","https://www.babolat.com/us/counter-viper-2.6/150177.html","https://padeltrue.com/rackets/babolat-counter-viper-2-6"
"Babolat Technical Origin +","Babolat","","diamond","345 to 365 g","High, 270 mm","Soft, EVA","Fiberglass","150","EUR","2026-09-28","79","10","38","54","70","38","5","https://www.babolat.com/us/technical-origin-/150188.html","https://padeltrue.com/rackets/babolat-technical-origin-plus"
"Babolat Technical Veron 3.0 2026","Babolat","2026","diamond","350 to 370 g","270 mm","Black EVA","Carbon Flex","220","EUR","2026-09-28","66","26","54","24","41","21","3","https://www.babolat.com/us/technical-veron-3.0/150183.html","https://padeltrue.com/rackets/babolat-technical-veron-3-0-2026"
"Babolat Technical Viper 3.0 2026","Babolat","2026","diamond","360 to 380 g","270 mm","Hard, Hard EVA","3K Carbon","370","EUR","2026-09-28","70","26","46","10","23","12","4","https://www.babolat.com/us/technical-viper-3.0/150175.html","https://padeltrue.com/rackets/babolat-technical-viper-3-0-2026"
"Babolat Technical Viper Soft 3.0","Babolat","","diamond","355 to 375 g","High","Medium, Black EVA","Soft Carbon (carbon twill 3K)","280","EUR","2026-09-28","82","10","30","24","32","16","5","https://www.babolat.com/es/technical-viper-soft-3.0/150179.html","https://padeltrue.com/rackets/babolat-technical-viper-soft-3-0"
"Babolat Viper Juan Lebrón 3.0 2026","Babolat","2026","diamond","360 to 380 g","270 mm","Hard, Hard EVA","Carbon 3K","390","EUR","2026-09-28","70","26","46","10","23","11","4","https://www.babolat.com/us/viper-juan-lebron-3.0/150174.html","https://padeltrue.com/rackets/babolat-viper-juan-lebron-3-0-2026"
"Bullpadel Discover PWR","Bullpadel","","diamond","360 to 370 g","High","Medium-soft, Soft EVA","fibreglass (PolyGlass)","54.95","EUR","2026-09-28","82","10","30","47","60","99","5","https://www.padelnuestro.com/pala-bullpadel-discover-pwr-476580","https://padeltrue.com/rackets/bullpadel-discover-pwr"
"Bullpadel Elite W 2026","Bullpadel","2026","hybrid","350 to 360 g","25.8 cm","Medium, MultiEVA","Fibrix","199.98","EUR","2026-09-28","41","57","58","55","52","22","3","https://www.bullpadel.com/es/5688-pala-bullpadel-elite-w-26.html","https://padeltrue.com/rackets/bullpadel-elite-w-2026"
"Bullpadel Flow Legend 2026","Bullpadel","2026","diamond","350 to 360 g","26 cm","Medium, MultiEVA","Fibrix","189.99","EUR","2026-09-28","65","26","58","32","52","25","3","https://www.bullpadel.com/es/5687-pala-bullpadel-flow-legend.html","https://padeltrue.com/rackets/bullpadel-flow-legend-2026"
"Bullpadel Hack 04 2026","Bullpadel","2026","diamond","365 to 375 g","26.4 cm","Medium-hard, MultiEVA","Tricarbon 18K","239.99","EUR","2026-09-28","70","26","46","17","31","18","4","https://www.bullpadel.com/es/5674-pala-bullpadel-hack-04-26.html","https://padeltrue.com/rackets/bullpadel-hack-04-2026"
"Bullpadel Hack 04 Hybrid 2026","Bullpadel","2026","diamond","365 to 375 g","Low, 25 cm","Medium-soft, MultiEva","Tricarbon 18K carbon","174.95","EUR","2026-09-28","56","42","66","31","55","27","5","https://www.padelnuestro.com/bullpadel-hack-04-hybrid-26","https://padeltrue.com/rackets/bullpadel-hack-04-hybrid-2026"
"Bullpadel Indiga PWR 2026","Bullpadel","2026","diamond","360 to 370 g","High","Soft, SoftEVA","Polyglass","89.99","EUR","2026-09-28","82","10","30","54","68","64","5","https://www.bullpadel.com/es/5696-pala-bullpadel-indiga-pwr-26.html","https://padeltrue.com/rackets/bullpadel-indiga-pwr-2026"
"Bullpadel Ionic Power 2026","Bullpadel","2026","diamond","365 to 375 g","High","Medium, MultiEVA","Glaphite","179.99","EUR","2026-09-28","84","10","26","32","41","27","4","https://www.bullpadel.com/es/5691-pala-bullpadel-ionic-power-26.html","https://padeltrue.com/rackets/bullpadel-ionic-power-2026"
"Bullpadel Neuron 02 2026","Bullpadel","2026","hybrid","365 to 375 g","Medium","Hard, MultiEva","Carbono 3k","174.95","EUR","2026-09-28","46","57","46","33","23","22","5","https://www.padelnuestro.com/bullpadel-neuron-02-494402","https://padeltrue.com/rackets/bullpadel-neuron-02-2026"
"Bullpadel Neuron 02 Edge 2026","Bullpadel","2026","hybrid","365 to 375 g","26 cm","Hard, MultiEVA","X-Tend Carbon 3K","239.99","EUR","2026-09-28","46","57","46","33","23","16","4","https://www.bullpadel.com/es/5685-pala-bullpadel-neuron-02-edge.html","https://padeltrue.com/rackets/bullpadel-neuron-02-edge-2026"
"Bullpadel Vertex 04 Comfort 2024","Bullpadel","2024","diamond","360 to 370 g","High","Medium, MultiEva","Fibrix HybridFiber (X-Glass fibreglass and carbon composite)","109.95","EUR","2026-09-28","82","10","30","32","42","43","5","https://www.padelnuestro.com/bullpadel-vertex-04-comfort-110866-p","https://padeltrue.com/rackets/bullpadel-vertex-04-comfort-2024"
"Bullpadel Vertex 05 2026","Bullpadel","2026","diamond","365 to 375 g","High, 25.4 cm","Medium, MultiEVA","X-Tend Carbon 12K","249.99","EUR","2026-09-28","84","10","26","24","31","18","5","https://www.bullpadel.com/es/5677-pala-bullpadel-vertex-05.html","https://padeltrue.com/rackets/bullpadel-vertex-05-2026"
"Bullpadel Vertex 05 2027","Bullpadel","2027","diamond","365 to 375 g","25.5 cm","Medium, MultiEVA","X-Tend Carbon 12K","349.99","EUR","2026-09-28","70","26","46","24","39","13","4","https://www.bullpadel.com/es/6831-pala-bullpadel-vertex-05-27.html","https://padeltrue.com/rackets/bullpadel-vertex-05-2027"
"Bullpadel Vertex 05 Geo 2026","Bullpadel","2026","diamond","365 to 375 g","High","Hard, MultiEva","Carbono 3k","199.95","EUR","2026-09-28","84","10","26","10","15","21","5","https://www.padelnuestro.com/bullpadel-vertex-05-geo","https://padeltrue.com/rackets/bullpadel-vertex-05-geo-2026"
"Bullpadel Vertex 05 Hybrid 2026","Bullpadel","2026","hybrid","365 to 375 g","Medium","Medium, MultiEva","Carbono 12k","214.95","EUR","2026-09-28","46","57","46","47","39","18","5","https://www.padelnuestro.com/bullpadel-vertex-05-hybrid","https://padeltrue.com/rackets/bullpadel-vertex-05-hybrid-2026"
"Bullpadel Xplo 2026","Bullpadel","2026","","365 to 375 g","26.5 cm","Medium-hard, MultiEVA","X-Tend Carbon 12K","239.99","EUR","2026-09-28","52","50","46","35","31","16","3","https://www.bullpadel.com/es/5682-pala-bullpadel-xplo-26.html","https://padeltrue.com/rackets/bullpadel-xplo-2026"
"Drop Shot Canyon Pro Attack 2.0 2026","Drop Shot","2026","diamond","350 to 370 g","High","Eva Pro High Density","carbon 24K (Twill Textreme)","219","EUR","2026-09-28","80","10","34","24","33","20","4","https://es.dropshotstore.com/products/pala-canyon-pro-attack-20","https://padeltrue.com/rackets/drop-shot-canyon-pro-attack-2-0-2026"
"Drop Shot Explorer 9.0 2026","Drop Shot","2026","teardrop","350 to 370 g","","Hard, Eva Pro High Density","carbon (3K per description, Raw Unidirectional Carbon per spec list)","149","EUR","2026-09-28","48","50","54","28","25","27","4","https://es.dropshotstore.com/products/pala-explorer-90","https://padeltrue.com/rackets/drop-shot-explorer-9-0-2026"
"Dunlop Aerostar","Dunlop","","diamond","365 g","Medium","Pro EVA","carbon 16K","269.99","EUR","2026-09-28","68","26","50","24","40","17","4","https://dunlopsports.com/en-gb/padel/rackets/aerostar","https://padeltrue.com/rackets/dunlop-aerostar"
"Dunlop FX Start","Dunlop","","hybrid","360 g","Medium","Soft, Pro EVA","","89.99","EUR","2026-09-28","43","57","54","69","67","58","4","https://dunlopsports.com/en-gb/padel/rackets/fx-start","https://padeltrue.com/rackets/dunlop-fx-start"
"Dunlop Galactica Pro","Dunlop","","hybrid","370 g","High","Pro EVA","carbon 16K","279.99","EUR","2026-09-28","60","41","26","47","31","15","4","https://dunlopsports.com/en-gb/padel/rackets/galactica-pro","https://padeltrue.com/rackets/dunlop-galactica-pro"
"Head Coello Motion 2026","Head","2026","diamond","","High","Power Foam","CarbonHybrid (carbon)","259.95","EUR","2026-09-28","82","10","30","32","42","18","3","https://www.padelnuestro.com/int/head-coello-motion-2026","https://padeltrue.com/rackets/head-coello-motion-2026"
"Head Coello Pro 2026","Head","2026","diamond","370 g","High","Medium, Power Foam","CarbonHybrid (carbon)","219.95","EUR","2026-09-28","84","10","26","32","41","22","5","https://www.padelnuestro.com/int/head-coello-pro-2026","https://padeltrue.com/rackets/head-coello-pro-2026"
"Head Evo Speed 2025","Head","2025","teardrop","350 g","Low","Soft, Soft Foam","Fibreglass","64.95","EUR","2026-09-28","31","66","82","72","88","100","5","https://www.padelnuestro.com/int/head-evo-speed-2025","https://padeltrue.com/rackets/head-evo-speed-2025"
"Head Extreme Motion 2025","Head","2025","diamond","","High","Power Foam","unidirectional carbon fibre","160.95","EUR","2026-09-28","82","10","30","24","32","27","3","https://www.padelnuestro.com/int/head-extreme-motion-2025","https://padeltrue.com/rackets/head-extreme-motion-2025"
"Head Extreme Motion Pro 2026","Head","2026","diamond","360 g","High","Medium, Power Foam","UD Carbon HS","199.95","EUR","2026-09-28","80","10","34","24","33","22","5","https://www.padelnuestro.com/int/head-extreme-motion-pro-2026","https://padeltrue.com/rackets/head-extreme-motion-pro-2026"
"Head Extreme One 2025","Head","2025","diamond","350 g","High, 272 mm","Power Foam","carbon 12K","184.95","EUR","2026-09-28","77","10","42","24","36","25","4","https://www.padelnuestro.com/int/head-extreme-one-2025","https://padeltrue.com/rackets/head-extreme-one-2025"
"Head Extreme Pro 2026","Head","2026","diamond","370 g","High","Medium, Power Foam","Hybrid Woven carbon and fibreglass","229.95","EUR","2026-09-28","84","10","26","32","41","21","5","https://www.padelnuestro.com/int/head-extreme-pro-2026-162498-p","https://padeltrue.com/rackets/head-extreme-pro-2026"
"Head Extreme Team 2025","Head","2025","diamond","360 g","","Soft, Power Foam","fibreglass","119.95","EUR","2026-09-28","66","26","54","54","77","46","4","https://www.padelnuestro.com/int/head-extreme-team-2025","https://padeltrue.com/rackets/head-extreme-team-2025"
"Head Gravity Pro 2024","Head","2024","round","365 g","Low","Medium, Control Foam","hybrid carbon and fibreglass","149.95","EUR","2026-09-28","18","90","70","68","58","41","5","https://www.padelnuestro.com/int/head-gravity-pro-2024-113828-p","https://padeltrue.com/rackets/head-gravity-pro-2024"
"Head Gravity Team 2024","Head","2024","round","","Low","Soft, Control Foam","fibreglass","119.95","EUR","2026-09-28","18","90","70","90","84","57","4","https://www.padelnuestro.com/int/head-gravity-team-2024-113826-p","https://padeltrue.com/rackets/head-gravity-team-2024"
"Head Radical Pro 2026","Head","2026","teardrop","370 g","Low","Control Foam","Carbon 3K","159.95","EUR","2026-09-28","38","66","66","42","47","32","4","https://www.padelnuestro.com/int/head-radical-pro-2026","https://padeltrue.com/rackets/head-radical-pro-2026"
"Head Radical Team 2026","Head","2026","teardrop","365 g","Low","Medium, Control Foam","Fibreglass","119.95","EUR","2026-09-28","36","66","70","58","68","44","5","https://www.padelnuestro.com/int/head-radical-team-2026","https://padeltrue.com/rackets/head-radical-team-2026"
"Head Speed Pro 2025","Head","2025","teardrop","370 g","Medium","Medium, Power Foam","Hybrid carbon fibre and fibreglass","149.95","EUR","2026-09-28","52","50","46","50","49","26","5","https://www.padelnuestro.com/int/head-speed-pro-2025","https://padeltrue.com/rackets/head-speed-pro-2025"
"Joma Blast Pro HRD negro gris","Joma","","hybrid","360 to 370 g","","","carbon 12K outer layer; composition statement: 66.67 percent fibreglass, 33.33 percent carbon 12K","180","EUR","2026-09-28","45","57","50","55","50","24","3","https://www.joma-sport.com/es_ES/pala-de-padel-blast-pro-hrd-negro-gris/401908.111.html","https://padeltrue.com/rackets/joma-blast-pro-hrd-negro-gris"
"Kuikma Hybrid Pro Coki Nieto","Kuikma","","teardrop","360 to 370 g","Medium","Medium, dual-density EVA foam (Dual Foam)","carbon 18K (TeXtreme)","149.99","GBP","2026-09-28","50","50","50","42","40","","5","https://www.decathlon.co.uk/p/padel-racket-hybrid-pro-coki-nieto/338036/c236m8993121","https://padeltrue.com/rackets/kuikma-hybrid-pro-coki-nieto"
"Kuikma PR Comfort","Kuikma","","round","341 to 360 g","Low, 260 mm","Medium, Black EVA foam","fibreglass","44.99","GBP","2026-09-28","13","90","82","76","71","","5","https://www.decathlon.co.uk/p/padel-racket-pr-comfort/352005/c1c4m8979566","https://padeltrue.com/rackets/kuikma-pr-comfort"
"Kuikma PR Hybrid Carbon Coki Nieto","Kuikma","","teardrop","365 to 375 g","","Medium, Black EVA foam","carbon 12K","109.99","GBP","2026-09-28","52","50","46","42","39","","4","https://www.decathlon.co.uk/p/padel-racket-pr-hybrid-carbon/341828/m8979558","https://padeltrue.com/rackets/kuikma-pr-hybrid-carbon-coki-nieto"
"Nox AT10 Luxury Genius 12K Alum Xtreme 2026 by Agustín Tapia","Nox","2026","teardrop","360 to 375 g","","Medium-hard, HR3 Black EVA","Carbon Fiber 12K Alum Xtrem","229.99","EUR","2026-09-28","51","50","48","35","31","17","4","https://noxsport.com/products/pala-at10-genius-12k-alum-xtrem-2026-by-agustin-tapia","https://padeltrue.com/rackets/nox-at10-luxury-genius-12k-alum-xtreme-2026"
"Nox AT10 Luxury Genius 18K Alum 2026 by Agustín Tapia","Nox","2026","teardrop","360 to 375 g","","Medium, MLD Black Eva","Carbon Fiber 18K Alum","229.99","EUR","2026-09-28","51","50","48","42","39","17","4","https://noxsport.com/products/pala-at10-genius-18k-alum-2026-by-agustin-tapia","https://padeltrue.com/rackets/nox-at10-luxury-genius-18k-alum-2026"
"Nox AT10 Luxury Genius Attack 12K Alum Xtreme 2026 by Agustín Tapia","Nox","2026","diamond","360 to 375 g","High","Medium-hard, HR3 Black EVA","carbon 12K Alum Xtrem","199.99","EUR","2026-09-28","83","10","28","17","23","21","5","https://noxsport.com/products/pala-at10-genius-attack-12k-alum-xtrem-2026-by-agustin-tapia","https://padeltrue.com/rackets/nox-at10-luxury-genius-attack-12k-alum-xtreme-2026"
"Nox AT10 Luxury Genius Attack 18K Alum 2026 by Agustín Tapia","Nox","2026","diamond","360 to 375 g","High","Medium, MLD Black Eva","Carbon Fiber 18K Alum","199.99","EUR","2026-09-28","83","10","28","24","31","22","5","https://noxsport.com/products/pala-at10-genius-attack-18k-alum-2026-by-agustin-tapia","https://padeltrue.com/rackets/nox-at10-luxury-genius-attack-18k-alum-2026"
"Nox AT10 Pro Cup Soft 2026 by Agustín Tapia","Nox","2026","teardrop","360 to 375 g","","Soft, HR3 Soft EVA","Fibreglass Alum (aluminised fibreglass)","149.99","EUR","2026-09-28","51","50","48","72","75","37","4","https://noxsport.com/products/pala-at10-pro-cup-soft-2026-by-agustin-tapia","https://padeltrue.com/rackets/nox-at10-pro-cup-soft-2026"
"Nox Equation Hard Advanced 2026","Nox","2026","round","355 to 365 g","Medium","Medium-hard, HR3 Hard EVA","Fiber Glass 3K","99.99","EUR","2026-09-28","30","74","54","61","43","52","5","https://noxsport.com/products/pala-equation-hard-advanced","https://padeltrue.com/rackets/nox-equation-hard-advanced-2026"
"Nox Equation HARD Advanced 2027","Nox","2027","round","355 to 365 g","Medium","Medium-hard, HR3 HARD EVA","Fibra de vidrio 3K","124.99","EUR","2026-09-28","30","74","54","61","43","41","5","https://noxsport.com/products/equation-hard-advanced-2027","https://padeltrue.com/rackets/nox-equation-hard-advanced-2027"
"Nox Equation SOFT Advanced 2027","Nox","2027","round","355 to 365 g","Medium","Medium, HR3 SOFT EVA","Fibra de vidrio 3K","124.99","EUR","2026-09-28","30","74","54","68","51","43","5","https://noxsport.com/products/equation-soft-advanced-2027","https://padeltrue.com/rackets/nox-equation-soft-advanced-2027"
"Nox Genius 12K Alum XTREM by Agustín Tapia 2027","Nox","2027","teardrop","360 to 375 g","","Medium-hard, MLD Black EVA","carbon 12K Alum XTREM","389.99","EUR","2026-09-28","51","50","48","35","31","10","4","https://noxsport.com/products/genius-12k-alum-xtrem-agustin-tapia-2027","https://padeltrue.com/rackets/nox-genius-12k-alum-xtrem-2027"
"Nox Genius 12K Alum XTREM Lite by Agustín Tapia 2027","Nox","2027","teardrop","350 to 360 g","","Soft, HR3 WHITE EVA","Carbon Fiber 12K Alum XTREM","349.99","EUR","2026-09-28","47","50","58","56","58","13","4","https://noxsport.com/products/genius-12k-alum-xtrem-lite-agustin-tapia-2027","https://padeltrue.com/rackets/nox-genius-12k-alum-xtrem-lite-2027"
"Nox Genius 18K Alum by Agustín Tapia 2027","Nox","2027","teardrop","360 to 375 g","","Medium-hard, MLD Black Eva","Carbon Fiber 18K Alum","389.99","EUR","2026-09-28","51","50","48","35","31","10","4","https://noxsport.com/products/genius-18k-alum-agustin-tapia-2027","https://padeltrue.com/rackets/nox-genius-18k-alum-2027"
"Nox Genius Attack 12K Alum XTREM by Agustín Tapia 2027","Nox","2027","diamond","360 to 375 g","High","Medium-hard, MLD Black EVA","carbon 12K Alum XTREM","389.99","EUR","2026-09-28","83","10","28","17","23","11","5","https://noxsport.com/products/genius-attack-12k-alum-xtrem-agustin-tapia-2027","https://padeltrue.com/rackets/nox-genius-attack-12k-alum-xtrem-2027"
"Nox Genius Attack 18K Alum by Agustín Tapia 2027","Nox","2027","diamond","360 to 375 g","High","Medium, MLD Black EVA","carbon 18K Alum","389.99","EUR","2026-09-28","83","10","28","24","31","11","5","https://noxsport.com/products/genius-attack-18k-alum-agustin-tapia-2027","https://padeltrue.com/rackets/nox-genius-attack-18k-alum-2027"
"Nox ML10 Pro Cup COORP by Miguel Lamperti 2027","Nox","2027","round","360 to 375 g","","Soft, HR3 EVA","aluminised fibreglass (Fiber Glass Silver)","149.99","EUR","2026-09-28","33","74","48","90","75","42","4","https://noxsport.com/products/ml10-pro-cup-coorp-miguel-lamperti-2027","https://padeltrue.com/rackets/nox-ml10-pro-cup-coorp-2027"
"Nox ML10 Pro Cup Rough by Miguel Lamperti 2027","Nox","2027","round","360 to 375 g","","Soft, HR3 EVA","Fibra de vidrio plateada","149.99","EUR","2026-09-28","33","74","48","90","75","42","4","https://noxsport.com/products/ml10-pro-cup-rough-miguel-lamperti-2027","https://padeltrue.com/rackets/nox-ml10-pro-cup-rough-2027"
"Nox ML10 Pro Cup Silver by Miguel Lamperti 2027","Nox","2027","round","350 to 365 g","","Soft, HR3 EVA","Fibra de vidrio plateada","149.99","EUR","2026-09-28","30","74","56","90","78","43","4","https://noxsport.com/products/ml10-pro-cup-silver-miguel-lamperti-2027","https://padeltrue.com/rackets/nox-ml10-pro-cup-silver-2027"
"Nox ML10 Ventus Control 3K by Miguel Lamperti 2026","Nox","2026","round","360 to 375 g","Medium","Medium, HR3 Color EVA","Carbon Fiber 3K","179.99","EUR","2026-09-28","33","74","48","60","39","28","5","https://noxsport.com/products/pala-ml10-ventus-3k-by-miguel-lamperti","https://padeltrue.com/rackets/nox-ml10-ventus-control-3k-2026"
"Nox Pro Cup HARD by Agustín Tapia 2027","Nox","2027","teardrop","360 to 375 g","","HR3 HARD EVA","Fibra de vidrio plateada","199.99","EUR","2026-09-28","51","50","48","58","59","22","3","https://noxsport.com/products/pro-cup-hard-agustin-tapia-2027","https://padeltrue.com/rackets/nox-pro-cup-hard-2027"
"Nox Pro Cup SOFT by Agustín Tapia 2027","Nox","2027","teardrop","360 to 375 g","","Soft, HR3 SOFT EVA","Fibra de vidrio plateada","199.99","EUR","2026-09-28","51","50","48","72","75","28","4","https://noxsport.com/products/pro-cup-soft-agustin-tapia-2027","https://padeltrue.com/rackets/nox-pro-cup-soft-2027"
"Nox Ventus Attack 12K XTREM by Aimar Goñi 2027","Nox","2027","diamond","360 to 375 g","High","Medium-hard, MLD Black Eva","Carbon Fiber 12K XTREM","349.99","EUR","2026-09-28","83","10","28","17","23","12","5","https://noxsport.com/products/ventus-attack-12k-xtrem-aimar-goni-2027","https://padeltrue.com/rackets/nox-ventus-attack-12k-xtrem-2027"
"Nox Ventus Control 12K by Aranzazu Osoro 2027","Nox","2027","round","360 to 375 g","","Medium-hard, MLD Black Eva","Carbon Fiber 12K","299.99","EUR","2026-09-28","33","74","48","53","31","16","4","https://noxsport.com/products/ventus-12k-aranzazu-osoro-2027","https://padeltrue.com/rackets/nox-ventus-control-12k-2027"
"Nox Ventus Control 3K by Miguel Lamperti 2027","Nox","2027","teardrop","360 to 375 g","","Medium-hard, HR3 Black EVA","carbon 3K","349.99","EUR","2026-09-28","51","50","48","35","31","11","4","https://noxsport.com/products/pala-ventus-control-3k-miguel-lamperti-2027","https://padeltrue.com/rackets/nox-ventus-control-3k-2027"
"Nox Ventus Hybrid 12K Lite 2027","Nox","2027","teardrop","350 to 360 g","Medium","Medium-hard, MLD Black Eva","Carbon Fiber 12K","299.99","EUR","2026-09-28","47","50","58","35","34","14","5","https://noxsport.com/products/ventus-12k-hybrid-lite-2027","https://padeltrue.com/rackets/nox-ventus-hybrid-12k-lite-2027"
"Nox Ventus Hybrid 12K XTREM by Edu Alonso 2027","Nox","2027","teardrop","360 to 375 g","","Medium-hard, MLD Black Eva","Carbon Fiber 12K XTREM","349.99","EUR","2026-09-28","51","50","48","35","31","11","4","https://noxsport.com/products/ventus-hybrid-12k-xtrem-edu-alonso-2027","https://padeltrue.com/rackets/nox-ventus-hybrid-12k-xtrem-2027"
"Nox X-Hero Blue","Nox","2026","round","350 to 360 g","","Soft, HR3 White EVA","fibreglass 3K","64.99","EUR","2026-09-28","29","74","58","82","68","92","4","https://noxsport.com/products/pala-x-hero-blue","https://padeltrue.com/rackets/nox-x-hero-blue"
"Nox X-Zero Blue 2026","Nox","2026","round","350 to 360 g","","Soft, HR3 White EVA","Fiber Glass 3K","64.99","EUR","2026-09-28","29","74","58","82","68","92","4","https://noxsport.com/products/pala-x-zero-blue","https://padeltrue.com/rackets/nox-x-zero-blue-2026"
"Oxdog Hyper Pro 2.0 2026","Oxdog","2026","teardrop","365 g","High","","HES Carbon","309","EUR","2026-09-28","64","34","30","42","32","13","4","https://www.oxdog.net/en/articles/2.13.871/hyper-pro-20","https://padeltrue.com/rackets/oxdog-hyper-pro-2-0-2026"
"Oxdog Hyper Pro+ 2.0 2026","Oxdog","2026","teardrop","370 g","High","Hard","HES-Carbon","319","EUR","2026-09-28","66","34","26","28","15","12","5","https://www.oxdog.net/en/articles/2.13.870/hyper-pro-20","https://padeltrue.com/rackets/oxdog-hyper-pro-plus-2-0-2026"
"Oxdog Hyper Woman Air 2.0","Oxdog","","teardrop","345 g","Medium","Medium","HES Carbon 18K Aluminized","239","EUR","2026-09-28","44","50","66","42","45","19","5","https://www.oxdog.net/en/articles/2.13.1335/hyper-woman-air-20","https://padeltrue.com/rackets/oxdog-hyper-woman-air-2-0"
"Oxdog Pure Court 2026","Oxdog","2026","hybrid","365 g","Medium","Soft","HES-Composite (composition not specified)","149","EUR","2026-09-28","45","57","50","69","66","35","4","https://www.oxdog.net/en/articles/2.13.875/pure-court","https://padeltrue.com/rackets/oxdog-pure-court-2026"
"Oxdog Ultimate Pro Light 2026","Oxdog","2026","diamond","350 g","High","","HES Carbon 8K","319","EUR","2026-09-28","77","10","42","24","36","14","4","https://www.oxdog.net/en/articles/2.13.867/ultimate-pro-light","https://padeltrue.com/rackets/oxdog-ultimate-pro-light-2026"
"Oxdog Ultimate Pro+ 2026","Oxdog","2026","diamond","370 g","High","Hard","HES-Carbon","339","EUR","2026-09-28","84","10","26","10","15","12","5","https://www.oxdog.net/en/articles/2.13.865/ultimate-pro","https://padeltrue.com/rackets/oxdog-ultimate-pro-plus-2026"
"Oxdog Ultimate Tour X 2026","Oxdog","2026","diamond","355 g","Medium","Medium","HES Carbon 8K","259","EUR","2026-09-28","65","26","58","24","42","18","5","https://www.oxdog.net/en/articles/2.13.868/ultimate-tour-x","https://padeltrue.com/rackets/oxdog-ultimate-tour-x-2026"
"Siux Astra Ctrl 2026","Siux","2026","round","","Low","","FIBERGLASS 3K","150","EUR","2026-09-28","18","90","70","68","58","41","3","https://siuxpadel.com/products/siux-astra-ctrl-2026","https://padeltrue.com/rackets/siux-astra-ctrl-2026"
"Siux Astra Hybrid 2026","Siux","2026","teardrop","","Medium","EVA SOFT","FIBERGLASS 3K","150","EUR","2026-09-28","50","50","50","50","50","25","3","https://siuxpadel.com/products/siux-astra-hybrid-2026","https://padeltrue.com/rackets/siux-astra-hybrid-2026"
"Siux Diablo Elite 6","Siux","2026","teardrop","355 to 375 g","Medium","Medium, EVA Soft","carbon 3K","169.95","EUR","2026-09-28","50","50","50","42","40","22","5","https://www.padelnuestro.com/int/siux-diablo-elite-6","https://padeltrue.com/rackets/siux-diablo-elite-6"
"Siux Diablo Pro 2026 Royal Blue","Siux","2026","teardrop","355 to 375 g","Medium","EVA","CARBON 24K TEXTREME","350","EUR","2026-09-28","50","50","50","42","40","11","4","https://www.siuxpadel.com/en/products/siux-diablo-pro-2026-royal-blue","https://padeltrue.com/rackets/siux-diablo-pro-2026-royal-blue"
"Siux Electra Pro 2026 Shadow Red","Siux","2026","teardrop","355 to 375 g","Medium","Hard, Eva","CARBON 12K","350","EUR","2026-09-28","50","50","50","28","24","11","5","https://www.siuxpadel.com/en/products/siux-electra-pro-2026-shadow-red","https://padeltrue.com/rackets/siux-electra-pro-2026-shadow-red"
"Siux Electra Pro RL 2.0 2026","Siux","2026","teardrop","355 to 375 g","Medium","EVA","Carbono 12K","350","EUR","2026-09-28","50","50","50","42","40","11","4","https://siuxpadel.com/products/siux-electra-pro-rl-2-0","https://padeltrue.com/rackets/siux-electra-pro-rl-2-0-2026"
"Siux Electra Stupa Pro ST4 2025","Siux","2025","hybrid","","","Medium-hard","Carbono 15K","250","EUR","2026-09-28","45","57","50","40","32","16","3","https://siuxpadel.com/products/siux-electra-stupa-pro-st4","https://padeltrue.com/rackets/siux-electra-stupa-pro-st4-2025"
"Siux Fenix Pro 2026 Glow Purple","Siux","2026","diamond","355 to 375 g","High","Hard, EVA","CARBON 12K HONEYCOMB","350","EUR","2026-09-28","82","10","30","10","16","12","5","https://www.siuxpadel.com/en/products/siux-fenix-pro-2026-glow-purple","https://padeltrue.com/rackets/siux-fenix-pro-2026-glow-purple"
"Siux Fenix Pro 5 Black","Siux","","diamond","","High","Hard","carbono 24K","250","EUR","2026-09-28","82","10","30","10","16","17","4","https://siuxpadel.com/products/siux-fenix-pro-5-black","https://padeltrue.com/rackets/siux-fenix-pro-5-black"
"Siux Fenix Pro SE 2.0","Siux","","diamond","","High","","Carbon 12K Honeycomb","350","EUR","2026-09-28","82","10","30","24","32","12","3","https://siuxpadel.com/products/siux-fenix-pro-se-2-0","https://padeltrue.com/rackets/siux-fenix-pro-se-2-0"
"Siux Pegasus Pro 2026 Lava Orange","Siux","2026","teardrop","355 to 375 g","Medium","Hard, EVA Pro","CARBON 12K","350","EUR","2026-09-28","50","50","50","28","24","11","5","https://www.siuxpadel.com/en/products/siux-pegasus-pro-2026-lava-orange","https://padeltrue.com/rackets/siux-pegasus-pro-2026-lava-orange"
"Siux Trilogy Elite 2026","Siux","2026","round","","Low","","CARBON 3K","270","EUR","2026-09-28","18","90","70","60","48","23","3","https://www.siuxpadel.com/en/products/siux-trilogy-elite-2026","https://padeltrue.com/rackets/siux-trilogy-elite-2026"
"Siux Trilogy Pro 2026 Noir Fog","Siux","2026","round","355 to 375 g","Low","Medium, EVA","CARBON 24K","350","EUR","2026-09-28","18","90","70","60","48","17","5","https://www.siuxpadel.com/en/products/siux-trilogy-pro-2026-noir-fog","https://padeltrue.com/rackets/siux-trilogy-pro-2026-noir-fog"
"StarVie Kyra","StarVie","","round","340 to 360 g","Low","Soft, EVA (S-Eva Flex)","fibreglass (X-Glass Tech)","110","EUR","2026-09-28","13","90","82","90","88","63","5","https://starvie.com/en/products/padel-racket-kyra","https://padeltrue.com/rackets/starvie-kyra"
"StarVie Raptor+ Red","StarVie","","teardrop","350 to 370 g","Medium","Medium, EVA (M-Eva Balance)","3D Carbon","320","EUR","2026-09-28","48","50","54","42","41","12","5","https://starvie.com/en/products/padel-racket-raptor-plus-red","https://padeltrue.com/rackets/starvie-raptor-plus-red"
"StarVie Triton Power +","StarVie","","diamond","350 to 366 g","High","Hard, EVA (H-Eva Power)","carbon 18K (18K Carbon Hybrid)","295","EUR","2026-09-28","80","10","36","18","28","15","5","https://starvie.com/en/products/triton-power","https://padeltrue.com/rackets/starvie-triton-power-plus"
"Tecnifibre Curva Power 2026","Tecnifibre","2026","teardrop","360 g","Medium","Soft, single-piece foam","carbon 18K","249.99","EUR","2026-09-28","48","50","54","56","57","17","5","https://www.tecnifibre.com/en/products/curva-power-2026","https://padeltrue.com/rackets/tecnifibre-curva-power-2026"
"Tecnifibre Curva Speed 2026","Tecnifibre","2026","teardrop","355 g","Medium","sandwich foam","carbon 16K","229.99","EUR","2026-09-28","47","50","58","42","42","18","4","https://www.tecnifibre.com/en/products/curva-speed-2026","https://padeltrue.com/rackets/tecnifibre-curva-speed-2026"
"Varlion LW 8.8","Varlion","2025","round","340 to 355 g","Low","EVA","fibreglass","101.49","USD","2026-09-28","12","90","84","76","72","","4","https://www.varlion.com/es/padel/palas/itsv/lw-88.html","https://padeltrue.com/rackets/varlion-lw-8-8"
"Varlion LW Carbon 3 Summum 25","Varlion","2025","round","340 to 355 g","","EVA Softcolor","carbon 18K (7 Rhombus) and fibreglass","267.94","USD","2026-09-28","26","74","64","68","54","","3","https://www.varlion.com/es/padel/palas/pro-prisma/lw-carbon-3-summum-25.html","https://padeltrue.com/rackets/varlion-lw-carbon-3-summum-25"
"Wilson Bela LS V3","Wilson","","teardrop","355 g","Medium","Medium, Power Foam","carbon, fibreglass","134.95","EUR","2026-09-28","47","50","58","50","52","31","5","https://www.wilson.com/en-us/product/bela-ls-v3-padel-wr18670","https://padeltrue.com/rackets/wilson-bela-ls-v3"
"Wilson Bela Pro V2.5","Wilson","","diamond","370 g","High","Hard, EVA","carbon 3K","144.95","EUR","2026-09-28","84","10","26","10","15","29","5","https://www.padelnuestro.com/int/wilson-bela-pro-padel-v2-5-111818-p","https://padeltrue.com/rackets/wilson-bela-pro-v2-5"
"Wilson Bela Pro V3 2025","Wilson","2025","teardrop","370 g","High","","","320","EUR","2026-09-28","66","34","26","50","41","14","3","https://www.wilson.com/en-us/product/bela-pro-v3-padel-wr18640","https://padeltrue.com/rackets/wilson-bela-pro-v3-2025"
"Wilson Bela V3 2025","Wilson","2025","teardrop","365 g","","EVA","carbon 3K, fibreglass","164.95","EUR","2026-09-28","50","50","50","50","50","23","3","https://www.wilson.com/en-us/product/bela-v3-padel-wr18650","https://padeltrue.com/rackets/wilson-bela-v3-2025"
"Wilson Blade V3","Wilson","","teardrop","365 g","Medium","Medium, EVA","carbon, fibreglass","159.95","EUR","2026-09-28","50","50","50","50","50","24","5","https://www.wilson.com/en-us/product/blade-v3-padel-wr16700","https://padeltrue.com/rackets/wilson-blade-v3"
"Wilson Endure LS V1","Wilson","","round","355 g","Low","Comfort Foam (table), Control Foam dual-density (description)","carbon (Comfort Flex)","144.95","EUR","2026-09-28","15","90","78","60","50","44","4","https://www.padelnuestro.com/int/wilson-endure-ls-v1","https://padeltrue.com/rackets/wilson-endure-ls-v1"